JAHISTC07,2
1,鈴木 太郎,1,S330303,105-0004,東京都港区新橋○丁目,03-0000-0000,090-0000-0000,Ｂ＋,63.7,
2,1,乳製品,1
2,2,セフェム系（発熱）,1
2,3,狭心症（2011年〜）,1
2,9,嚥下困難,1
3,ﾊﾞﾌｧﾘﾝ,R020406,R020409,2 
4,健康診断,R020411,2 
4,インフルエンザ予防接種,R020331,2 
5,R020410,1
11,株式会社 工業会薬局 駅前店,13,4,1234567,,,,1
15,薬剤師 次郎,,1
51,医療法人 工業会病院,13,1,1234567,1
201,1,ﾘﾝﾃﾞﾛﾝ-VG軟膏0.12%,5,g,2,662640418,1
291,1,かゆみや発赤、腫れがあらわれた場合には、主治医またや薬剤師に相談してください。,1
301,1,【患部に塗布】,1,調剤,5,1,,1
201,2,ﾛｷｿﾆﾝ錠60mg,1,錠,2,620098801,1
301,2,【腰痛時】,10,回分,3,1,,1
5,R020407,1
11,株式会社 工業会薬局 駅前店,,,,,,,1
15,薬剤師 太郎,,1
51,医療法人 工業会病院,,,,1
201,1,ｱﾀﾞﾗｰﾄCR錠20mg,1,錠,2,610421321,1
291,1,グレープフルーツジュースと一緒に飲まないでください。効き目が強くなることがあります。,1
301,1,【分１ 朝食後服用】,28,日分,1,1,,1
391,1,めまい等が現れることがあるので車の運転や高所作業等に注意してください。,1
201,2,ﾌｧﾓﾁｼﾞﾝOD錠20mg「ﾄｰﾜ」,2,錠,2,621687401,1
301,2,【分２ 朝夕食後服用】,28,日分,1,1,,1
201,3,ｼﾝﾊﾞｽﾀﾁﾝ錠10mg,1,錠,2,622315500,1
301,3,【分１ 夕食後服用】,28,日分,1,1,,1
401,他の薬を併用する際は、相談してください。,1 
601,朝に薬を飲んだ後、めまいがあった,R020407
701,薬剤師 次郎,工業会薬局 駅前店,,,,1
